Datetime,Water Level (m)
2026-04-19 18:00:00,0.49330902
2026-04-19 19:00:00,0.8512183
2026-04-19 20:00:00,0.96939653
2026-04-19 21:00:00,0.9974568
2026-04-19 22:00:00,0.83596534
2026-04-19 23:00:00,0.42096472
2026-04-20 00:00:00,-0.044161405
2026-04-20 01:00:00,-0.43267876
2026-04-20 02:00:00,-0.7834141
2026-04-20 03:00:00,-1.0999743
2026-04-20 04:00:00,-1.3205527
2026-04-20 05:00:00,-1.0710609
2026-04-20 06:00:00,0.27408522
2026-04-20 07:00:00,1.0124217
2026-04-20 08:00:00,1.3590386
2026-04-20 09:00:00,1.5393527
2026-04-20 10:00:00,1.4843436
2026-04-20 11:00:00,1.09009
2026-04-20 12:00:00,0.5600243
2026-04-20 13:00:00,0.13629365
2026-04-20 14:00:00,-0.27872485
2026-04-20 15:00:00,-0.6639054
2026-04-20 16:00:00,-0.96698487
2026-04-20 17:00:00,-1.1363635
2026-04-20 18:00:00,-0.51135933
2026-04-20 19:00:00,0.5238163
2026-04-20 20:00:00,0.93046784
2026-04-20 21:00:00,1.035694
2026-04-20 22:00:00,0.9888977
2026-04-20 23:00:00,0.74626976
2026-04-21 00:00:00,0.30288813
2026-04-21 01:00:00,-0.13763951
2026-04-21 02:00:00,-0.5052161
2026-04-21 03:00:00,-0.83308244
2026-04-21 04:00:00,-1.098485
2026-04-21 05:00:00,-1.2108301
2026-04-21 06:00:00,-0.46139863
2026-04-21 07:00:00,0.5709625
2026-04-21 08:00:00,1.0350577
2026-04-21 09:00:00,1.3181808
2026-04-21 10:00:00,1.4610912
2026-04-21 11:00:00,1.3754616
2026-04-21 12:00:00,0.93880725
2026-04-21 13:00:00,0.46315706
2026-04-21 14:00:00,0.056821585
2026-04-21 15:00:00,-0.3535042
2026-04-21 16:00:00,-0.69389355
2026-04-21 17:00:00,-0.95371366
2026-04-21 18:00:00,-1.0095744
2026-04-21 19:00:00,-0.19144168
2026-04-21 20:00:00,0.5907441
2026-04-21 21:00:00,0.81252784
2026-04-21 22:00:00,0.8932402
2026-04-21 23:00:00,0.86850655
2026-04-22 00:00:00,0.6455371
2026-04-22 01:00:00,0.22176698
2026-04-22 02:00:00,-0.17611265
2026-04-22 03:00:00,-0.49034163
2026-04-22 04:00:00,-0.7921421
2026-04-22 05:00:00,-1.0145605
2026-04-22 06:00:00,-0.9852895
2026-04-22 07:00:00,-0.1367404
2026-04-22 08:00:00,0.610516
2026-04-22 09:00:00,0.902745
2026-04-22 10:00:00,1.1395378
2026-04-22 11:00:00,1.2807981
2026-04-22 12:00:00,1.2336078
2026-04-22 13:00:00,0.857446
2026-04-22 14:00:00,0.42517784
2026-04-22 15:00:00,0.052332513
2026-04-22 16:00:00,-0.32144266
2026-04-22 17:00:00,-0.63232523
2026-04-22 18:00:00,-0.869532
2026-04-22 19:00:00,-0.8824273
2026-04-22 20:00:00,-0.19527271
2026-04-22 21:00:00,0.46574947
2026-04-22 22:00:00,0.59532416
2026-04-22 23:00:00,0.5871052
2026-04-23 00:00:00,0.56183434
2026-04-23 01:00:00,0.4401016
2026-04-23 02:00:00,0.12632646
2026-04-23 03:00:00,-0.2061059
2026-04-23 04:00:00,-0.4616832
2026-04-23 05:00:00,-0.72158754
2026-04-23 06:00:00,-0.8998868
2026-04-23 07:00:00,-0.79563785
2026-04-23 08:00:00,-0.060761243
2026-04-23 09:00:00,0.5173471
2026-04-23 10:00:00,0.7280466
2026-04-23 11:00:00,0.9166729
2026-04-23 12:00:00,1.0483304
2026-04-23 13:00:00,1.0263444
2026-04-23 14:00:00,0.7203895
2026-04-23 15:00:00,0.349992
2026-04-23 16:00:00,0.016539657
2026-04-23 17:00:00,-0.32040748
2026-04-23 18:00:00,-0.60927165
2026-04-23 19:00:00,-0.8105239
2026-04-23 20:00:00,-0.8333194
2026-04-23 21:00:00,-0.42299888
2026-04-23 22:00:00,0.15958416
2026-04-23 23:00:00,0.39533907
2026-04-24 00:00:00,0.44560474
2026-04-24 01:00:00,0.48267734
2026-04-24 02:00:00,0.45223433
2026-04-24 03:00:00,0.22764745
2026-04-24 04:00:00,-0.07843191
2026-04-24 05:00:00,-0.3342162
2026-04-24 06:00:00,-0.568286
2026-04-24 07:00:00,-0.74304664
2026-04-24 08:00:00,-0.7274401
2026-04-24 09:00:00,-0.27188715
2026-04-24 10:00:00,0.2840501
2026-04-24 11:00:00,0.5082712
2026-04-24 12:00:00,0.6557127
2026-04-24 13:00:00,0.8034219
2026-04-24 14:00:00,0.86693317
2026-04-24 15:00:00,0.6977082
2026-04-24 16:00:00,0.37207294
2026-04-24 17:00:00,0.067881025
2026-04-24 18:00:00,-0.25668174
2026-04-24 19:00:00,-0.5594433
2026-04-24 20:00:00,-0.80901366
2026-04-24 21:00:00,-0.93202597
2026-04-24 22:00:00,-0.79327893
2026-04-24 23:00:00,-0.21923941
2026-04-25 00:00:00,0.25932044
2026-04-25 01:00:00,0.36622044
2026-04-25 02:00:00,0.4146835
2026-04-25 03:00:00,0.44370672
2026-04-25 04:00:00,0.3679741
2026-04-25 05:00:00,0.10611
2026-04-25 06:00:00,-0.18062304
2026-04-25 07:00:00,-0.41237468
2026-04-25 08:00:00,-0.6229272
2026-04-25 09:00:00,-0.7072863
2026-04-25 10:00:00,-0.5111458
2026-04-25 11:00:00,0.017288258
2026-04-25 12:00:00,0.35907933
2026-04-25 13:00:00,0.4973541
2026-04-25 14:00:00,0.65637976
2026-04-25 15:00:00,0.7897454
2026-04-25 16:00:00,0.7875095
2026-04-25 17:00:00,0.5316284
2026-04-25 18:00:00,0.19435814
